FOREX,VALUE
EUR,1.626052922133E12
EUR,1.62605292318E12
EUR,1.626052923779E12
EUR,1.62605292441E12
EUR,1.62605292502E12
